{"cameraMode":{"drawMode":0,"name":"Shaded","section":"Shading Mode"},"sceneLighting":true,"audioPlay":false,"sceneViewState":{"m_AlwaysRefresh":false,"showFog":true,"showSkybox":true,"showFlares":true,"showImageEffects":true,"showParticleSystems":true,"showVisualEffectGraphs":true,"m_FxEnabled":true},"in2DMode":false,"pivot":{"x":0.018748104572296144,"y":1.3414926528930665,"z":-10.953248977661133},"rotation":{"x":0.08150406181812287,"y":-0.013454688712954522,"z":0.001100381021387875,"w":0.9965821504592896},"size":6.389136791229248,"orthographic":true}